"G5","G5","Ship"
"MO4","MO4","Ship"
"BBK_1942","BBK_1942","Ship"
"BBK1124_1943","BBK1124_1943","Ship"
"Destroyer_USSR_Type7","Destroyer_USSR_Type7","Ship"
"Destroyer_USSR_Type7_44","Destroyer_USSR_Type7_44","Ship"
"Aurora","Aurora","Ship"
"Marat","Marat","Ship"
"Kirov","Kirov","Ship"
"Tashkent","Tashkent","Ship"
"Tral","Tral","Ship"
"Tramp","Tramp","Ship"
"Tanker","Tanker","Ship"
"Shuka","Shuka","Ship"
"ShukaP","ShukaP","Ship"
"USSLexingtonCV2","USSLexingtonCV2","Ship"
"USSSaratogaCV3","USSSaratogaCV3","Ship"
"USSCVGeneric","USSCVGeneric","Ship"
"USSBBGeneric","USSBBGeneric","Ship"
"USSIndianapolisCA35","USSIndianapolisCA35","Ship"
"USSGreenlingSS213_Srf","USSGreenlingSS213_Srf","Ship"
"USSGreenlingSS213_Sub","USSGreenlingSS213_Sub","Ship"
"USSGatoSS212_Srf","USSGatoSS212_Srf","Ship"
"USSGatoSS212_Sub","USSGatoSS212_Sub","Ship"
"USSWardDD139","USSWardDD139","Ship"
"USSDentDD116","USSDentDD116","Ship"
"USSFletcherDD445","USSFletcherDD445","Ship"
"USSOBannonDD450","USSOBannonDD450","Ship"
"USSKiddDD661","USSKiddDD661","Ship"
"USSCasablancaCVE55","USSCasablancaCVE55","Ship"
"USSKitkunBayCVE71","USSKitkunBayCVE71","Ship"
"USSShamrockBayCVE84","USSShamrockBayCVE84","Ship"
"USSEssexCV9","USSEssexCV9","Ship"
"USSIntrepidCV11","USSIntrepidCV11","Ship"
"LVT_2WAT","LVT_2WAT","Ship"
"DUKW_WAT","DUKW_WAT","Ship"
"LCVP","LCVP","Ship"
"HMSIllustriousCV","HMSIllustriousCV","Ship"
"HMSPoWBB","HMSPoWBB","Ship"
"HMSKingGeorgeVBB","HMSKingGeorgeVBB","Ship"
"HMSDukeOfYorkBB","HMSDukeOfYorkBB","Ship"
"MAS501","MAS501","Ship"
"S80","S80","Ship"
"MFP","MFP","Ship"
"MFP2","MFP2","Ship"
"Murgesku","Murgesku","Ship"
"MBoat","MBoat","Ship"
"Niobe","Niobe","Ship"
"Illmarinen","Illmarinen","Ship"
"Vainamoinen","Vainamoinen","Ship"
"Tirpitz","Tirpitz","Ship"
"Submarine","Submarine","Ship"
"SubmarineP","SubmarineP","Ship"
"SubTypeVIIC_Srf","SubTypeVIIC_Srf","Ship"
"SubTypeVIIC_Sub","SubTypeVIIC_Sub","Ship"
"PAM","PAM","Ship"
"IJNAkagiCV","IJNAkagiCV","Ship"
"IJNShokakuCV","IJNShokakuCV","Ship"
"IJNZuikakuCV","IJNZuikakuCV","Ship"
"IJNCVGeneric","IJNCVGeneric","Ship"
"IJNBBGeneric","IJNBBGeneric","Ship"
"IJNAkizukiDD42","IJNAkizukiDD42","Ship"
"IJNAmatsukazeDD41","IJNAmatsukazeDD41","Ship"
"IJNArashiDD41","IJNArashiDD41","Ship"
"IJNKageroDD41","IJNKageroDD41","Ship"
"IJNNowakiDD41","IJNNowakiDD41","Ship"
"IJNYukikazeDD41","IJNYukikazeDD41","Ship"
"IJNAmatsukazeDD43","IJNAmatsukazeDD43","Ship"
"IJNNowakiDD43","IJNNowakiDD43","Ship"
"IJNYukikazeDD43","IJNYukikazeDD43","Ship"
"IJNAmatsukazeDD45","IJNAmatsukazeDD45","Ship"
"IJNYukikazeDD45","IJNYukikazeDD45","Ship"
"IJNFishJunk","IJNFishJunk","Ship"
"IJNFishJunkA","IJNFishJunkA","Ship"
"DaihatsuLC","DaihatsuLC","Ship"
"RwyCon","RwyCon","Ship"
"RwySteel","RwySteel","Ship"
"RwySteelLow","RwySteelLow","Ship"
"RwyTransp","RwyTransp","Ship"
"1-PzIIF","PzIIF","Tank"
"2-PzIIF","PzIIF","Tank"
"2-PzIIF","PzIIF","Tank"
"3-PzIIF","PzIIF","Tank"
"3-PzIIF","PzIIF","Tank"
"3-PzIIF","PzIIF","Tank"
"4-PzIIF","PzIIF","Tank"
"4-PzIIF","PzIIF","Tank"
"4-PzIIF","PzIIF","Tank"
"4-PzIIF","PzIIF","Tank"
"1-LT_35","LT_35","Tank"
"2-LT_35","LT_35","Tank"
"2-LT_35","LT_35","Tank"
"3-LT_35","LT_35","Tank"
"3-LT_35","LT_35","Tank"
"3-LT_35","LT_35","Tank"
"4-LT_35","LT_35","Tank"
"4-LT_35","LT_35","Tank"
"4-LT_35","LT_35","Tank"
"4-LT_35","LT_35","Tank"
"1-LT_35Ro","LT_35Ro","Tank"
"2-LT_35Ro","LT_35Ro","Tank"
"2-LT_35Ro","LT_35Ro","Tank"
"3-LT_35Ro","LT_35Ro","Tank"
"3-LT_35Ro","LT_35Ro","Tank"
"3-LT_35Ro","LT_35Ro","Tank"
"4-LT_35Ro","LT_35Ro","Tank"
"4-LT_35Ro","LT_35Ro","Tank"
"4-LT_35Ro","LT_35Ro","Tank"
"4-LT_35Ro","LT_35Ro","Tank"
"1-LT_35Sl","LT_35Sl","Tank"
"2-LT_35Sl","LT_35Sl","Tank"
"2-LT_35Sl","LT_35Sl","Tank"
"3-LT_35Sl","LT_35Sl","Tank"
"3-LT_35Sl","LT_35Sl","Tank"
"3-LT_35Sl","LT_35Sl","Tank"
"4-LT_35Sl","LT_35Sl","Tank"
"4-LT_35Sl","LT_35Sl","Tank"
"4-LT_35Sl","LT_35Sl","Tank"
"4-LT_35Sl","LT_35Sl","Tank"
"1-LT_38","LT_38","Tank"
"2-LT_38","LT_38","Tank"
"2-LT_38","LT_38","Tank"
"3-LT_38","LT_38","Tank"
"3-LT_38","LT_38","Tank"
"3-LT_38","LT_38","Tank"
"4-LT_38","LT_38","Tank"
"4-LT_38","LT_38","Tank"
"4-LT_38","LT_38","Tank"
"4-LT_38","LT_38","Tank"
"1-LT_38Sl","LT_38Sl","Tank"
"2-LT_38Sl","LT_38Sl","Tank"
"2-LT_38Sl","LT_38Sl","Tank"
"3-LT_38Sl","LT_38Sl","Tank"
"3-LT_38Sl","LT_38Sl","Tank"
"3-LT_38Sl","LT_38Sl","Tank"
"4-LT_38Sl","LT_38Sl","Tank"
"4-LT_38Sl","LT_38Sl","Tank"
"4-LT_38Sl","LT_38Sl","Tank"
"4-LT_38Sl","LT_38Sl","Tank"
"1-LT_40","LT_40","Tank"
"2-LT_40","LT_40","Tank"
"2-LT_40","LT_40","Tank"
"3-LT_40","LT_40","Tank"
"3-LT_40","LT_40","Tank"
"3-LT_40","LT_40","Tank"
"4-LT_40","LT_40","Tank"
"4-LT_40","LT_40","Tank"
"4-LT_40","LT_40","Tank"
"4-LT_40","LT_40","Tank"
"1-LT_40MG","LT_40MG","Tank"
"2-LT_40MG","LT_40MG","Tank"
"2-LT_40MG","LT_40MG","Tank"
"3-LT_40MG","LT_40MG","Tank"
"3-LT_40MG","LT_40MG","Tank"
"3-LT_40MG","LT_40MG","Tank"
"4-LT_40MG","LT_40MG","Tank"
"4-LT_40MG","LT_40MG","Tank"
"4-LT_40MG","LT_40MG","Tank"
"4-LT_40MG","LT_40MG","Tank"
"1-HaGo","HaGo","Tank"
"2-HaGo","HaGo","Tank"
"2-HaGo","HaGo","Tank"
"3-HaGo","HaGo","Tank"
"3-HaGo","HaGo","Tank"
"3-HaGo","HaGo","Tank"
"4-HaGo","HaGo","Tank"
"4-HaGo","HaGo","Tank"
"4-HaGo","HaGo","Tank"
"4-HaGo","HaGo","Tank"
"1-HaGoRadio","HaGoRadio","Tank"
"2-HaGoRadio","HaGoRadio","Tank"
"2-HaGoRadio","HaGoRadio","Tank"
"3-HaGoRadio","HaGoRadio","Tank"
"3-HaGoRadio","HaGoRadio","Tank"
"3-HaGoRadio","HaGoRadio","Tank"
"4-HaGoRadio","HaGoRadio","Tank"
"4-HaGoRadio","HaGoRadio","Tank"
"4-HaGoRadio","HaGoRadio","Tank"
"4-HaGoRadio","HaGoRadio","Tank"
"1-ChiHa","ChiHa","Tank"
"2-ChiHa","ChiHa","Tank"
"2-ChiHa","ChiHa","Tank"
"3-ChiHa","ChiHa","Tank"
"3-ChiHa","ChiHa","Tank"
"3-ChiHa","ChiHa","Tank"
"4-ChiHa","ChiHa","Tank"
"4-ChiHa","ChiHa","Tank"
"4-ChiHa","ChiHa","Tank"
"4-ChiHa","ChiHa","Tank"
"1-ChiHa_alt","ChiHa_alt","Tank"
"2-ChiHa_alt","ChiHa_alt","Tank"
"2-ChiHa_alt","ChiHa_alt","Tank"
"3-ChiHa_alt","ChiHa_alt","Tank"
"3-ChiHa_alt","ChiHa_alt","Tank"
"3-ChiHa_alt","ChiHa_alt","Tank"
"4-ChiHa_alt","ChiHa_alt","Tank"
"4-ChiHa_alt","ChiHa_alt","Tank"
"4-ChiHa_alt","ChiHa_alt","Tank"
"4-ChiHa_alt","ChiHa_alt","Tank"
"1-PzIIIG","PzIIIG","Tank"
"2-PzIIIG","PzIIIG","Tank"
"2-PzIIIG","PzIIIG","Tank"
"3-PzIIIG","PzIIIG","Tank"
"3-PzIIIG","PzIIIG","Tank"
"3-PzIIIG","PzIIIG","Tank"
"4-PzIIIG","PzIIIG","Tank"
"4-PzIIIG","PzIIIG","Tank"
"4-PzIIIG","PzIIIG","Tank"
"4-PzIIIG","PzIIIG","Tank"
"1-PzIIIJ","PzIIIJ","Tank"
"2-PzIIIJ","PzIIIJ","Tank"
"2-PzIIIJ","PzIIIJ","Tank"
"3-PzIIIJ","PzIIIJ","Tank"
"3-PzIIIJ","PzIIIJ","Tank"
"3-PzIIIJ","PzIIIJ","Tank"
"4-PzIIIJ","PzIIIJ","Tank"
"4-PzIIIJ","PzIIIJ","Tank"
"4-PzIIIJ","PzIIIJ","Tank"
"4-PzIIIJ","PzIIIJ","Tank"
"1-PzIIIM","PzIIIM","Tank"
"2-PzIIIM","PzIIIM","Tank"
"2-PzIIIM","PzIIIM","Tank"
"3-PzIIIM","PzIIIM","Tank"
"3-PzIIIM","PzIIIM","Tank"
"3-PzIIIM","PzIIIM","Tank"
"4-PzIIIM","PzIIIM","Tank"
"4-PzIIIM","PzIIIM","Tank"
"4-PzIIIM","PzIIIM","Tank"
"4-PzIIIM","PzIIIM","Tank"
"1-PzIIIN","PzIIIN","Tank"
"2-PzIIIN","PzIIIN","Tank"
"2-PzIIIN","PzIIIN","Tank"
"3-PzIIIN","PzIIIN","Tank"
"3-PzIIIN","PzIIIN","Tank"
"3-PzIIIN","PzIIIN","Tank"
"4-PzIIIN","PzIIIN","Tank"
"4-PzIIIN","PzIIIN","Tank"
"4-PzIIIN","PzIIIN","Tank"
"4-PzIIIN","PzIIIN","Tank"
"1-TuranI","TuranI","Tank"
"2-TuranI","TuranI","Tank"
"2-TuranI","TuranI","Tank"
"3-TuranI","TuranI","Tank"
"3-TuranI","TuranI","Tank"
"3-TuranI","TuranI","Tank"
"4-TuranI","TuranI","Tank"
"4-TuranI","TuranI","Tank"
"4-TuranI","TuranI","Tank"
"4-TuranI","TuranI","Tank"
"1-TuranII","TuranII","Tank"
"2-TuranII","TuranII","Tank"
"2-TuranII","TuranII","Tank"
"3-TuranII","TuranII","Tank"
"3-TuranII","TuranII","Tank"
"3-TuranII","TuranII","Tank"
"4-TuranII","TuranII","Tank"
"4-TuranII","TuranII","Tank"
"4-TuranII","TuranII","Tank"
"4-TuranII","TuranII","Tank"
"1-PzIVE","PzIVE","Tank"
"2-PzIVE","PzIVE","Tank"
"2-PzIVE","PzIVE","Tank"
"3-PzIVE","PzIVE","Tank"
"3-PzIVE","PzIVE","Tank"
"3-PzIVE","PzIVE","Tank"
"4-PzIVE","PzIVE","Tank"
"4-PzIVE","PzIVE","Tank"
"4-PzIVE","PzIVE","Tank"
"4-PzIVE","PzIVE","Tank"
"1-PzIVF","PzIVF","Tank"
"2-PzIVF","PzIVF","Tank"
"2-PzIVF","PzIVF","Tank"
"3-PzIVF","PzIVF","Tank"
"3-PzIVF","PzIVF","Tank"
"3-PzIVF","PzIVF","Tank"
"4-PzIVF","PzIVF","Tank"
"4-PzIVF","PzIVF","Tank"
"4-PzIVF","PzIVF","Tank"
"4-PzIVF","PzIVF","Tank"
"1-PzIVF2","PzIVF2","Tank"
"2-PzIVF2","PzIVF2","Tank"
"2-PzIVF2","PzIVF2","Tank"
"3-PzIVF2","PzIVF2","Tank"
"3-PzIVF2","PzIVF2","Tank"
"3-PzIVF2","PzIVF2","Tank"
"4-PzIVF2","PzIVF2","Tank"
"4-PzIVF2","PzIVF2","Tank"
"4-PzIVF2","PzIVF2","Tank"
"4-PzIVF2","PzIVF2","Tank"
"1-PzIVJ","PzIVJ","Tank"
"2-PzIVJ","PzIVJ","Tank"
"2-PzIVJ","PzIVJ","Tank"
"3-PzIVJ","PzIVJ","Tank"
"3-PzIVJ","PzIVJ","Tank"
"3-PzIVJ","PzIVJ","Tank"
"4-PzIVJ","PzIVJ","Tank"
"4-PzIVJ","PzIVJ","Tank"
"4-PzIVJ","PzIVJ","Tank"
"4-PzIVJ","PzIVJ","Tank"
"1-PzVA","PzVA","Tank"
"2-PzVA","PzVA","Tank"
"2-PzVA","PzVA","Tank"
"3-PzVA","PzVA","Tank"
"3-PzVA","PzVA","Tank"
"3-PzVA","PzVA","Tank"
"4-PzVA","PzVA","Tank"
"4-PzVA","PzVA","Tank"
"4-PzVA","PzVA","Tank"
"4-PzVA","PzVA","Tank"
"1-PzVIE","PzVIE","Tank"
"2-PzVIE","PzVIE","Tank"
"2-PzVIE","PzVIE","Tank"
"3-PzVIE","PzVIE","Tank"
"3-PzVIE","PzVIE","Tank"
"3-PzVIE","PzVIE","Tank"
"4-PzVIE","PzVIE","Tank"
"4-PzVIE","PzVIE","Tank"
"4-PzVIE","PzVIE","Tank"
"4-PzVIE","PzVIE","Tank"
"1-PzVIB","PzVIB","Tank"
"2-PzVIB","PzVIB","Tank"
"2-PzVIB","PzVIB","Tank"
"3-PzVIB","PzVIB","Tank"
"3-PzVIB","PzVIB","Tank"
"3-PzVIB","PzVIB","Tank"
"4-PzVIB","PzVIB","Tank"
"4-PzVIB","PzVIB","Tank"
"4-PzVIB","PzVIB","Tank"
"4-PzVIB","PzVIB","Tank"
"1-PzV_II","PzV_II","Tank"
"2-PzV_II","PzV_II","Tank"
"2-PzV_II","PzV_II","Tank"
"3-PzV_II","PzV_II","Tank"
"3-PzV_II","PzV_II","Tank"
"3-PzV_II","PzV_II","Tank"
"4-PzV_II","PzV_II","Tank"
"4-PzV_II","PzV_II","Tank"
"4-PzV_II","PzV_II","Tank"
"4-PzV_II","PzV_II","Tank"
"1-Maus","Maus","Tank"
"2-Maus","Maus","Tank"
"2-Maus","Maus","Tank"
"3-Maus","Maus","Tank"
"3-Maus","Maus","Tank"
"3-Maus","Maus","Tank"
"4-Maus","Maus","Tank"
"4-Maus","Maus","Tank"
"4-Maus","Maus","Tank"
"4-Maus","Maus","Tank"
"1-BT7","BT7","Tank"
"2-BT7","BT7","Tank"
"2-BT7","BT7","Tank"
"3-BT7","BT7","Tank"
"3-BT7","BT7","Tank"
"3-BT7","BT7","Tank"
"4-BT7","BT7","Tank"
"4-BT7","BT7","Tank"
"4-BT7","BT7","Tank"
"4-BT7","BT7","Tank"
"1-T40S","T40S","Tank"
"2-T40S","T40S","Tank"
"2-T40S","T40S","Tank"
"3-T40S","T40S","Tank"
"3-T40S","T40S","Tank"
"3-T40S","T40S","Tank"
"4-T40S","T40S","Tank"
"4-T40S","T40S","Tank"
"4-T40S","T40S","Tank"
"4-T40S","T40S","Tank"
"1-T60","T60","Tank"
"2-T60","T60","Tank"
"2-T60","T60","Tank"
"3-T60","T60","Tank"
"3-T60","T60","Tank"
"3-T60","T60","Tank"
"4-T60","T60","Tank"
"4-T60","T60","Tank"
"4-T60","T60","Tank"
"4-T60","T60","Tank"
"1-7TP","_7TP","Tank"
"2-7TP","_7TP","Tank"
"2-7TP","_7TP","Tank"
"3-7TP","_7TP","Tank"
"3-7TP","_7TP","Tank"
"3-7TP","_7TP","Tank"
"4-7TP","_7TP","Tank"
"4-7TP","_7TP","Tank"
"4-7TP","_7TP","Tank"
"4-7TP","_7TP","Tank"
"1-M3A1Stuart","M3A1Stuart","Tank"
"2-M3A1Stuart","M3A1Stuart","Tank"
"2-M3A1Stuart","M3A1Stuart","Tank"
"3-M3A1Stuart","M3A1Stuart","Tank"
"3-M3A1Stuart","M3A1Stuart","Tank"
"3-M3A1Stuart","M3A1Stuart","Tank"
"4-M3A1Stuart","M3A1Stuart","Tank"
"4-M3A1Stuart","M3A1Stuart","Tank"
"4-M3A1Stuart","M3A1Stuart","Tank"
"4-M3A1Stuart","M3A1Stuart","Tank"
"1-M5A1Stuart","M5A1Stuart","Tank"
"2-M5A1Stuart","M5A1Stuart","Tank"
"2-M5A1Stuart","M5A1Stuart","Tank"
"3-M5A1Stuart","M5A1Stuart","Tank"
"3-M5A1Stuart","M5A1Stuart","Tank"
"3-M5A1Stuart","M5A1Stuart","Tank"
"4-M5A1Stuart","M5A1Stuart","Tank"
"4-M5A1Stuart","M5A1Stuart","Tank"
"4-M5A1Stuart","M5A1Stuart","Tank"
"4-M5A1Stuart","M5A1Stuart","Tank"
"1-T70M","T70M","Tank"
"2-T70M","T70M","Tank"
"2-T70M","T70M","Tank"
"3-T70M","T70M","Tank"
"3-T70M","T70M","Tank"
"3-T70M","T70M","Tank"
"4-T70M","T70M","Tank"
"4-T70M","T70M","Tank"
"4-T70M","T70M","Tank"
"4-T70M","T70M","Tank"
"1-T26_Early","T26_Early","Tank"
"2-T26_Early","T26_Early","Tank"
"2-T26_Early","T26_Early","Tank"
"3-T26_Early","T26_Early","Tank"
"3-T26_Early","T26_Early","Tank"
"3-T26_Early","T26_Early","Tank"
"4-T26_Early","T26_Early","Tank"
"4-T26_Early","T26_Early","Tank"
"4-T26_Early","T26_Early","Tank"
"4-T26_Early","T26_Early","Tank"
"1-T26_Late","T26_Late","Tank"
"2-T26_Late","T26_Late","Tank"
"2-T26_Late","T26_Late","Tank"
"3-T26_Late","T26_Late","Tank"
"3-T26_Late","T26_Late","Tank"
"3-T26_Late","T26_Late","Tank"
"4-T26_Late","T26_Late","Tank"
"4-T26_Late","T26_Late","Tank"
"4-T26_Late","T26_Late","Tank"
"4-T26_Late","T26_Late","Tank"
"1-ValentineII","ValentineII","Tank"
"2-ValentineII","ValentineII","Tank"
"2-ValentineII","ValentineII","Tank"
"3-ValentineII","ValentineII","Tank"
"3-ValentineII","ValentineII","Tank"
"3-ValentineII","ValentineII","Tank"
"4-ValentineII","ValentineII","Tank"
"4-ValentineII","ValentineII","Tank"
"4-ValentineII","ValentineII","Tank"
"4-ValentineII","ValentineII","Tank"
"1-MatildaMkII_UK","MatildaMkII_UK","Tank"
"2-MatildaMkII_UK","MatildaMkII_UK","Tank"
"2-MatildaMkII_UK","MatildaMkII_UK","Tank"
"3-MatildaMkII_UK","MatildaMkII_UK","Tank"
"3-MatildaMkII_UK","MatildaMkII_UK","Tank"
"3-MatildaMkII_UK","MatildaMkII_UK","Tank"
"4-MatildaMkII_UK","MatildaMkII_UK","Tank"
"4-MatildaMkII_UK","MatildaMkII_UK","Tank"
"4-MatildaMkII_UK","MatildaMkII_UK","Tank"
"4-MatildaMkII_UK","MatildaMkII_UK","Tank"
"1-MatildaMkII_AU","MatildaMkII_AU","Tank"
"2-MatildaMkII_AU","MatildaMkII_AU","Tank"
"2-MatildaMkII_AU","MatildaMkII_AU","Tank"
"3-MatildaMkII_AU","MatildaMkII_AU","Tank"
"3-MatildaMkII_AU","MatildaMkII_AU","Tank"
"3-MatildaMkII_AU","MatildaMkII_AU","Tank"
"4-MatildaMkII_AU","MatildaMkII_AU","Tank"
"4-MatildaMkII_AU","MatildaMkII_AU","Tank"
"4-MatildaMkII_AU","MatildaMkII_AU","Tank"
"4-MatildaMkII_AU","MatildaMkII_AU","Tank"
"1-M4A2","M4A2","Tank"
"2-M4A2","M4A2","Tank"
"2-M4A2","M4A2","Tank"
"3-M4A2","M4A2","Tank"
"3-M4A2","M4A2","Tank"
"3-M4A2","M4A2","Tank"
"4-M4A2","M4A2","Tank"
"4-M4A2","M4A2","Tank"
"4-M4A2","M4A2","Tank"
"4-M4A2","M4A2","Tank"
"1-M4A2_US","M4A2_US","Tank"
"2-M4A2_US","M4A2_US","Tank"
"2-M4A2_US","M4A2_US","Tank"
"3-M4A2_US","M4A2_US","Tank"
"3-M4A2_US","M4A2_US","Tank"
"3-M4A2_US","M4A2_US","Tank"
"4-M4A2_US","M4A2_US","Tank"
"4-M4A2_US","M4A2_US","Tank"
"4-M4A2_US","M4A2_US","Tank"
"4-M4A2_US","M4A2_US","Tank"
"1-M4A2_76W","M4A2_76W","Tank"
"2-M4A2_76W","M4A2_76W","Tank"
"2-M4A2_76W","M4A2_76W","Tank"
"3-M4A2_76W","M4A2_76W","Tank"
"3-M4A2_76W","M4A2_76W","Tank"
"3-M4A2_76W","M4A2_76W","Tank"
"4-M4A2_76W","M4A2_76W","Tank"
"4-M4A2_76W","M4A2_76W","Tank"
"4-M4A2_76W","M4A2_76W","Tank"
"4-M4A2_76W","M4A2_76W","Tank"
"1-M4A2_76W_US","M4A2_76W_US","Tank"
"2-M4A2_76W_US","M4A2_76W_US","Tank"
"2-M4A2_76W_US","M4A2_76W_US","Tank"
"3-M4A2_76W_US","M4A2_76W_US","Tank"
"3-M4A2_76W_US","M4A2_76W_US","Tank"
"3-M4A2_76W_US","M4A2_76W_US","Tank"
"4-M4A2_76W_US","M4A2_76W_US","Tank"
"4-M4A2_76W_US","M4A2_76W_US","Tank"
"4-M4A2_76W_US","M4A2_76W_US","Tank"
"4-M4A2_76W_US","M4A2_76W_US","Tank"
"1-T34","T34","Tank"
"2-T34","T34","Tank"
"2-T34","T34","Tank"
"3-T34","T34","Tank"
"3-T34","T34","Tank"
"3-T34","T34","Tank"
"4-T34","T34","Tank"
"4-T34","T34","Tank"
"4-T34","T34","Tank"
"4-T34","T34","Tank"
"1-T34_85","T34_85","Tank"
"2-T34_85","T34_85","Tank"
"2-T34_85","T34_85","Tank"
"3-T34_85","T34_85","Tank"
"3-T34_85","T34_85","Tank"
"3-T34_85","T34_85","Tank"
"4-T34_85","T34_85","Tank"
"4-T34_85","T34_85","Tank"
"4-T34_85","T34_85","Tank"
"4-T34_85","T34_85","Tank"
"1-T28","T28","Tank"
"2-T28","T28","Tank"
"2-T28","T28","Tank"
"3-T28","T28","Tank"
"3-T28","T28","Tank"
"3-T28","T28","Tank"
"4-T28","T28","Tank"
"4-T28","T28","Tank"
"4-T28","T28","Tank"
"4-T28","T28","Tank"
"1-KV1","KV1","Tank"
"2-KV1","KV1","Tank"
"2-KV1","KV1","Tank"
"3-KV1","KV1","Tank"
"3-KV1","KV1","Tank"
"3-KV1","KV1","Tank"
"4-KV1","KV1","Tank"
"4-KV1","KV1","Tank"
"4-KV1","KV1","Tank"
"4-KV1","KV1","Tank"
"1-IS2","IS2","Tank"
"2-IS2","IS2","Tank"
"2-IS2","IS2","Tank"
"3-IS2","IS2","Tank"
"3-IS2","IS2","Tank"
"3-IS2","IS2","Tank"
"4-IS2","IS2","Tank"
"4-IS2","IS2","Tank"
"4-IS2","IS2","Tank"
"4-IS2","IS2","Tank"
"1-T35","T35","Tank"
"2-T35","T35","Tank"
"2-T35","T35","Tank"
"3-T35","T35","Tank"
"3-T35","T35","Tank"
"3-T35","T35","Tank"
"4-T35","T35","Tank"
"4-T35","T35","Tank"
"4-T35","T35","Tank"
"4-T35","T35","Tank"
"1-IS3","IS3","Tank"
"2-IS3","IS3","Tank"
"2-IS3","IS3","Tank"
"3-IS3","IS3","Tank"
"3-IS3","IS3","Tank"
"3-IS3","IS3","Tank"
"4-IS3","IS3","Tank"
"4-IS3","IS3","Tank"
"4-IS3","IS3","Tank"
"4-IS3","IS3","Tank"
"1-T44","T44","Tank"
"2-T44","T44","Tank"
"2-T44","T44","Tank"
"3-T44","T44","Tank"
"3-T44","T44","Tank"
"3-T44","T44","Tank"
"4-T44","T44","Tank"
"4-T44","T44","Tank"
"4-T44","T44","Tank"
"4-T44","T44","Tank"
"1-ZrinyiII","ZrinyiII","Tank"
"2-ZrinyiII","ZrinyiII","Tank"
"2-ZrinyiII","ZrinyiII","Tank"
"3-ZrinyiII","ZrinyiII","Tank"
"3-ZrinyiII","ZrinyiII","Tank"
"3-ZrinyiII","ZrinyiII","Tank"
"1-Hetzer","Hetzer","Tank"
"2-Hetzer","Hetzer","Tank"
"2-Hetzer","Hetzer","Tank"
"3-Hetzer","Hetzer","Tank"
"3-Hetzer","Hetzer","Tank"
"3-Hetzer","Hetzer","Tank"
"1-StuGIIIG","StuGIIIG","Tank"
"2-StuGIIIG","StuGIIIG","Tank"
"2-StuGIIIG","StuGIIIG","Tank"
"3-StuGIIIG","StuGIIIG","Tank"
"3-StuGIIIG","StuGIIIG","Tank"
"3-StuGIIIG","StuGIIIG","Tank"
"1-StuGIV","StuGIV","Tank"
"2-StuGIV","StuGIV","Tank"
"2-StuGIV","StuGIV","Tank"
"3-StuGIV","StuGIV","Tank"
"3-StuGIV","StuGIV","Tank"
"3-StuGIV","StuGIV","Tank"
"1-MarderIII","MarderIII","Tank"
"2-MarderIII","MarderIII","Tank"
"2-MarderIII","MarderIII","Tank"
"3-MarderIII","MarderIII","Tank"
"3-MarderIII","MarderIII","Tank"
"3-MarderIII","MarderIII","Tank"
"1-Ferdinand","Ferdinand","Tank"
"2-Ferdinand","Ferdinand","Tank"
"2-Ferdinand","Ferdinand","Tank"
"3-Ferdinand","Ferdinand","Tank"
"3-Ferdinand","Ferdinand","Tank"
"3-Ferdinand","Ferdinand","Tank"
"1-Jagdpanther","Jagdpanther","Tank"
"2-Jagdpanther","Jagdpanther","Tank"
"2-Jagdpanther","Jagdpanther","Tank"
"3-Jagdpanther","Jagdpanther","Tank"
"3-Jagdpanther","Jagdpanther","Tank"
"3-Jagdpanther","Jagdpanther","Tank"
"1-Karl_600mm","Karl_600mm","Tank"
"1-Nimrod","Nimrod","Tank"
"1-Wirbelwind","Wirbelwind","Tank"
"1-Coelian","Coelian","Tank"
"1-HoRo","HoRo","Tank"
"2-HoRo","HoRo_MG","Tank"
"2-HoRo","HoRo","Tank"
"3-HoRo","HoRo_MG","Tank"
"3-HoRo","HoRo","Tank"
"3-HoRo","HoRo","Tank"
"1-ZSU-37","ZSU37","Tank"
"1-SU-76M","SU76M","Tank"
"2-SU-76M","SU76M","Tank"
"2-SU-76M","SU76M","Tank"
"3-SU-76M","SU76M","Tank"
"3-SU-76M","SU76M","Tank"
"3-SU-76M","SU76M","Tank"
"1-SU-85","SU85","Tank"
"2-SU-85","SU85","Tank"
"2-SU-85","SU85","Tank"
"3-SU-85","SU85","Tank"
"3-SU-85","SU85","Tank"
"3-SU-85","SU85","Tank"
"1-SU-100","SU100","Tank"
"2-SU-100","SU100","Tank"
"2-SU-100","SU100","Tank"
"3-SU-100","SU100","Tank"
"3-SU-100","SU100","Tank"
"3-SU-100","SU100","Tank"
"1-ISU-152","ISU152","Tank"
"2-ISU-152","ISU152","Tank"
"2-ISU-152","ISU152","Tank"
"3-ISU-152","ISU152","Tank"
"3-ISU-152","ISU152","Tank"
"3-ISU-152","ISU152","Tank"
"GAZ67","GAZ67","Car"
"GAZ67t","GAZ67t","Car"
"GAZ_M1","GAZ_M1","Car"
"WillisMB","WillisMB","Car"
"WillisMB_US","WillisMB_US","Car"
"WillisMBt","WillisMBt","Car"
"WillisMBt_US","WillisMBt_US","Car"
"WillisMBtc_US","WillisMBtc_US","Car"
"ZIS5_PC","ZIS5_PC","Car"
"ZIS5_AA","ZIS5_AA","Tank"
"ZIS6_fuel","ZIS6_fuel","Car"
"M3A1_APC","M3A1_APC","Tank"
"M16","M16","Tank"
"M16_US","M16_US","Tank"
"M3_75mm_GMC","M3_75mm_GMC","Tank"
"Chevrolet_flatbed_US","Chevrolet_flatbed_US","Car"
"Chevrolet_medic_US","Chevrolet_medic_US","Car"
"Chevrolet_radio_US","Chevrolet_radio_US","Car"
"DiamondT_US","DiamondT_US","Car"
"M3_Halftrack","M3_Halftrack","Car"
"M3_Halftrack_ppl","M3_Halftrack_ppl","Car"
"Tractor_US","Tractor_US","Car"
"DUKW","DUKW","Car"
"Bulldozer_US","Bulldozer_US","Car"
"Bus_US","Bus_US","Car"
"GAZ_55","GAZ_55","Car"
"GAZ_Bus","GAZ_Bus","Car"
"GAZ_AA","GAZ_AA","Car"
"GAZ_AAA","GAZ_AAA","Car"
"MaximeGAZ","MaximeGAZ","Tank"
"Motorcycle","Motorcycle","Car"
"BikeBMW","BikeBMW","Car"
"Kettenkrad","Kettenkrad","Car"
"VW82t","VW82t","Car"
"OpelKadett","OpelKadett","Car"
"Kurogane","Kurogane","Car"
"HoHa","HoHa","Car"
"Truck_Type94","Truck_Type94","Car"
"OpelBlitz36S","OpelBlitz36S","Car"
"OpelBlitz6700A_fuel","OpelBlitz6700A_fuel","Car"
"OpelBlitzMaultierAA","OpelBlitzMaultierAA","Tank"
"SdKfz251","SdKfz251","Tank"
"DemagD7","DemagD7","Car"
"DemagFlak","DemagFlak","Tank"
"SdKfz6","SdKfz6","Car"
"SdKfz6Flak37","SdKfz6Flak37","Tank"
"Tatra_OA30","Tatra_OA30","Tank"
"Bicycle","Bicycle","Car"
"BA_64","BA_64","Tank"
"BA_10","BA_10","Tank"
"BA_6","BA_6","Tank"
"FAIM","FAIM","Tank"
"LVT_2","LVT_2","Tank"
"M8_Greyhound","M8_Greyhound","Tank"
"HoRo_MG","HoRo_MG","Tank"
"TestColumnGermany","OpelBlitzMaultierAA","Tank"
"TestColumnGermany","OpelBlitzMaultier","Car"
"TestColumnGermany","OpelBlitzMaultier","Car"
"TestColumnGermany","OpelBlitzMaultierAA","Tank"
"GermanyCarsColumnA","BikeBMW","Car"
"GermanyCarsColumnA","SdKfz251","Tank"
"GermanyCarsColumnA","OpelBlitz6700A","Car"
"GermanyCarsColumnA","OpelBlitz6700A","Car"
"GermanyCarsColumnA","OpelBlitz6700A","Car"
"GermanyCarsColumnA","OpelBlitz6700A","Car"
"GermanyCarsColumnA","OpelBlitz6700A","Car"
"GermanyCarsColumnA","OpelBlitz6700A_medic","Car"
"GermanyCarsColumnA","OpelBlitz6700A_radio","Car"
"GermanyCarsColumnA","OpelBlitzMaultierAA","Tank"
"GermanyCarsColumnB","VW82t","Car"
"GermanyCarsColumnB","OpelBlitz36S","Car"
"GermanyCarsColumnB","OpelBlitzMaultierAA","Tank"
"GermanyCarsColumnB","OpelBlitzMaultier","Car"
"GermanyCarsColumnB","OpelBlitzMaultier","Car"
"GermanyCarsColumnB","OpelBlitz6700A_fuel","Car"
"GermanyCarsColumnB","OpelBlitz36S","Car"
"GermanyCarsColumnB","OpelBlitz36S","Car"
"GermanyCarsColumnC","PzIIF","Tank"
"GermanyCarsColumnC","SdKfz251","Tank"
"GermanyCarsColumnC","OpelKadett","Car"
"GermanyCarsColumnC","OpelBlitzMaultierAA","Tank"
"GermanyCarsColumnC","OpelBlitzMaultier","Car"
"GermanyCarsColumnC","SdKfz251","Tank"
"GermanyCarsColumnD","BikeBMW","Car"
"GermanyCarsColumnD","BikeBMW","Car"
"GermanyCarsColumnD","BikeBMW","Car"
"GermanyCarsColumnD","BikeBMW","Car"
"GermanyCarsColumnD","BikeBMW","Car"
"GermanyCarsColumnD","BikeBMW","Car"
"GermanyCarsColumnD","OpelBlitz6700A_fuel","Car"
"GermanyCarsColumnD","OpelBlitz36S","Car"
"GermanyCarsColumnD","OpelBlitz36S","Car"
"GermanyCarsColumnD","SdKfz251","Tank"
"GermanyCarsColumnD","RSO","Car"
"GermanyCarsColumnD","RSO","Car"
"GermanyCarsColumnE","VW82","Car"
"GermanyCarsColumnE","OpelBlitz6700A_fuel","Car"
"GermanyCarsColumnE","OpelBlitz6700A_fuel","Car"
"GermanyCarsColumnE","OpelBlitz6700A_fuel","Car"
"GermanyCarsColumnE","OpelBlitz6700A_fuel","Car"
"GermanyCarsColumnE","OpelBlitz6700A_fuel","Car"
"GermanyCarsColumnE","OpelBlitz6700A_fuel","Car"
"GermanyCarsColumnE","OpelBlitzMaultierAA","Tank"
"GermanyCarsColumnF","Bicycle","Car"
"GermanyCarsColumnF","Bicycle","Car"
"GermanyCarsColumnF","Bicycle","Car"
"GermanyCarsColumnF","Bicycle","Car"
"GermanyCarsColumnF","Bicycle","Car"
"GermanyCarsColumnF","Bicycle","Car"
"GermanyCarsColumnF","Bicycle","Car"
"GermanyCarsColumnF","Bicycle","Car"
"JapanCarsColumnA","Kurogane","Car"
"JapanCarsColumnA","Truck_Type94","Car"
"JapanCarsColumnA","HoHa","Car"
"JapanCarsColumnA","Truck_Type94","Car"
"JapanCarsColumnA","Truck_Type94","Car"
"JapanCarsColumnB","HaGoRadio","Tank"
"JapanCarsColumnB","Truck_Type94","Car"
"JapanCarsColumnB","Truck_Type94","Car"
"JapanCarsColumnB","Truck_Type94","Car"
"JapanCarsColumnB","Truck_Type94","Car"
"JapanCarsColumnB","Kurogane","Car"
"JapanCarsColumnB","HaGoRadio","Tank"
"JapanCarsColumnC","Kurogane","Car"
"JapanCarsColumnC","HoHa","Car"
"JapanCarsColumnC","HoHa","Car"
"JapanCarsColumnC","Truck_Type94","Car"
"JapanCarsColumnC","Truck_Type94","Car"
"JapanCarsColumnC","Truck_Type94","Car"
"JapanCarsColumnC","Truck_Type94","Car"
"JapanCarsColumnC","Truck_Type94","Car"
"RussiaCarsColumnA","GAZ67","Car"
"RussiaCarsColumnA","ZIS5_medic","Car"
"RussiaCarsColumnA","ZIS5_medic","Car"
"RussiaCarsColumnA","ZIS5_PC","Car"
"RussiaCarsColumnA","ZIS5_PC","Car"
"RussiaCarsColumnA","ZIS5_PC","Car"
"RussiaCarsColumnA","ZIS5_PC","Car"
"RussiaCarsColumnA","ZIS5_AA","Tank"
"RussiaCarsColumnB","WillisMB","Car"
"RussiaCarsColumnB","StudebeckerTruck","Car"
"RussiaCarsColumnB","StudebeckerTruck","Car"
"RussiaCarsColumnB","StudebeckerTruck","Car"
"RussiaCarsColumnB","StudebeckerTruck","Car"
"RussiaCarsColumnB","StudebeckerTruck","Car"
"RussiaCarsColumnB","StudebeckerTruck","Car"
"RussiaCarsColumnB","ZIS6_fuel","Car"
"RussiaCarsColumnB","ZIS6_fuel","Car"
"RussiaCarsColumnB","ZIS6_fuel","Car"
"RussiaCarsColumnC","GAZ67t","Car"
"RussiaCarsColumnC","GAZ_M1","Car"
"RussiaCarsColumnC","ZIS5_AA","Tank"
"RussiaCarsColumnC","ZIS5_PC","Car"
"RussiaCarsColumnC","ZIS5_PC","Car"
"RussiaCarsColumnC","ZIS5_radio","Car"
"RussiaCarsColumnD","GAZ67t","Car"
"RussiaCarsColumnD","Katyusha","Car"
"RussiaCarsColumnD","Katyusha","Car"
"RussiaCarsColumnD","Katyusha","Car"
"RussiaCarsColumnD","Katyusha","Car"
"RussiaCarsColumnD","Katyusha","Car"
"RussiaCarsColumnD","Katyusha","Car"
"RussiaCarsColumnD","ZIS5_PC","Car"
"RussiaCarsColumnD","ZIS5_PC","Car"
"RussiaCarsColumnD","ZIS6_fuel","Car"
"RussiaCarsColumnE","WillisMBt","Car"
"RussiaCarsColumnE","StudebeckerRocket","Car"
"RussiaCarsColumnE","StudebeckerRocket","Car"
"RussiaCarsColumnE","StudebeckerRocket","Car"
"RussiaCarsColumnE","StudebeckerRocket","Car"
"RussiaCarsColumnE","StudebeckerRocket","Car"
"RussiaCarsColumnE","StudebeckerRocket","Car"
"RussiaCarsColumnE","ZIS5_AA","Tank"
"RussiaCarsColumnE","StudebeckerTruck","Car"
"RussiaCarsColumnE","StudebeckerTruck","Car"
"RussiaCarsColumnF","Motorcycle","Car"
"RussiaCarsColumnF","Motorcycle","Car"
"RussiaCarsColumnF","Motorcycle","Car"
"RussiaCarsColumnF","GAZ67t","Car"
"RussiaCarsColumnF","Motorcycle","Car"
"RussiaCarsColumnF","Motorcycle","Car"
"RussiaCarsColumnF","Motorcycle","Car"
"USACarsColumnA","WillisMB_US","Car"
"USACarsColumnA","Chevrolet_medic_US","Car"
"USACarsColumnA","Chevrolet_medic_US","Car"
"USACarsColumnA","DiamondT_US","Car"
"USACarsColumnA","DiamondT_US","Car"
"USACarsColumnA","DiamondT_US","Car"
"USACarsColumnA","DiamondT_US","Car"
"USACarsColumnA","M16_US","Tank"
"USACarsColumnB","WillisMBtc_US","Car"
"USACarsColumnB","DiamondT_US","Car"
"USACarsColumnB","DiamondT_US","Car"
"USACarsColumnB","DiamondT_US","Car"
"USACarsColumnB","DiamondT_US","Car"
"USACarsColumnB","DiamondT_US","Car"
"USACarsColumnB","DiamondT_US","Car"
"USACarsColumnB","Chevrolet_flatbed_US","Car"
"USACarsColumnB","Chevrolet_flatbed_US","Car"
"USACarsColumnB","Chevrolet_flatbed_US","Car"
"USACarsColumnC","WillisMBt_US","Car"
"USACarsColumnC","WillisMBt_US","Car"
"USACarsColumnC","M16_US","Tank"
"USACarsColumnC","DiamondT_US","Car"
"USACarsColumnC","DiamondT_US","Car"
"USACarsColumnC","Chevrolet_radio_US","Car"
"Germany_FuelTrain/AA","LocomotiveVerm","Wagon"
"Germany_FuelTrain/AA","LocomotiveTrailorVerm","Wagon"
"Germany_FuelTrain/AA","Platform4","Wagon"
"Germany_FuelTrain/AA","OilTank","Wagon"
"Germany_FuelTrain/AA","OilTank","Wagon"
"Germany_FuelTrain/AA","OilTank","Wagon"
"Germany_FuelTrain/AA","OilTank","Wagon"
"Germany_FuelTrain/AA","OilTank","Wagon"
"Germany_FuelTrain/AA","OilTank","Wagon"
"Germany_FuelTrain/AA","OilTank","Wagon"
"Germany_FuelTrain/AA","OilTank","Wagon"
"Germany_CargoTrain","LocomotiveVerm","Wagon"
"Germany_CargoTrain","LocomotiveTrailorVerm","Wagon"
"Germany_CargoTrain","Cargo2","Wagon"
"Germany_CargoTrain","Cargo2","Wagon"
"Germany_CargoTrain","Cargo2","Wagon"
"Germany_CargoTrain","Cargo2","Wagon"
"Germany_CargoTrain","Cargo2","Wagon"
"Germany_CargoTrain","Cargo2","Wagon"
"Germany_CargoTrain","Cargo2","Wagon"
"Germany_CargoTrain","Cargo2","Wagon"
"Germany_CargoTrain/AA","LocomotiveVerm","Wagon"
"Germany_CargoTrain/AA","LocomotiveTrailorVerm","Wagon"
"Germany_CargoTrain/AA","Platform4","Wagon"
"Germany_CargoTrain/AA","Cargo2","Wagon"
"Germany_CargoTrain/AA","Cargo2","Wagon"
"Germany_CargoTrain/AA","Cargo2","Wagon"
"Germany_CargoTrain/AA","Cargo2","Wagon"
"Germany_CargoTrain/AA","Cargo2","Wagon"
"Germany_CargoTrain/AA","Cargo2","Wagon"
"Germany_CargoTrain/AA","Cargo2","Wagon"
"Germany_CargoTrain/AA","Cargo2","Wagon"
"Germany_CargoTrainA","LocomotiveVerm","Wagon"
"Germany_CargoTrainA","LocomotiveTrailorVerm","Wagon"
"Germany_CargoTrainA","Cargo","Wagon"
"Germany_CargoTrainA","Cargo","Wagon"
"Germany_CargoTrainA","Cargo","Wagon"
"Germany_CargoTrainA","Cargo","Wagon"
"Germany_CargoTrainA","Cargo","Wagon"
"Germany_CargoTrainA","Cargo","Wagon"
"Germany_CargoTrainA","Cargo","Wagon"
"Germany_CargoTrainA","Cargo","Wagon"
"Germany_CargoTrainA/AA","LocomotiveVerm","Wagon"
"Germany_CargoTrainA/AA","LocomotiveTrailorVerm","Wagon"
"Germany_CargoTrainA/AA","Platform4","Wagon"
"Germany_CargoTrainA/AA","Cargo","Wagon"
"Germany_CargoTrainA/AA","Cargo","Wagon"
"Germany_CargoTrainA/AA","Cargo","Wagon"
"Germany_CargoTrainA/AA","Cargo","Wagon"
"Germany_CargoTrainA/AA","Cargo","Wagon"
"Germany_CargoTrainA/AA","Cargo","Wagon"
"Germany_CargoTrainA/AA","Cargo","Wagon"
"Germany_CargoTrainA/AA","Cargo","Wagon"
"Germany_CargoFuelTrain","LocomotiveVerm","Wagon"
"Germany_CargoFuelTrain","LocomotiveTrailorVerm","Wagon"
"Germany_CargoFuelTrain","Cargo","Wagon"
"Germany_CargoFuelTrain","Cargo","Wagon"
"Germany_CargoFuelTrain","Cargo","Wagon"
"Germany_CargoFuelTrain","Cargo","Wagon"
"Germany_CargoFuelTrain","OilTank","Wagon"
"Germany_CargoFuelTrain","OilTank","Wagon"
"Germany_CargoFuelTrain","OilTank","Wagon"
"Germany_CargoFuelTrain","OilTank","Wagon"
"Germany_EquipmentATrain/AA","LocomotiveVerm","Wagon"
"Germany_EquipmentATrain/AA","LocomotiveTrailorVerm","Wagon"
"Germany_EquipmentATrain/AA","Platform4","Wagon"
"Germany_EquipmentATrain/AA","Platform3","Wagon"
"Germany_EquipmentATrain/AA","Platform3","Wagon"
"Germany_EquipmentATrain/AA","Platform3","Wagon"
"Germany_EquipmentATrain/AA","Platform3","Wagon"
"Germany_EquipmentATrain/AA","Platform3","Wagon"
"Germany_EquipmentATrain/AA","Platform3","Wagon"
"Germany_EquipmentATrain/AA","Platform3","Wagon"
"Germany_EquipmentATrain/AA","Platform4","Wagon"
"Germany_EquipmentBTrain/AA","LocomotiveVerm","Wagon"
"Germany_EquipmentBTrain/AA","LocomotiveTrailorVerm","Wagon"
"Germany_EquipmentBTrain/AA","Platform4","Wagon"
"Germany_EquipmentBTrain/AA","Platform2","Wagon"
"Germany_EquipmentBTrain/AA","Platform2","Wagon"
"Germany_EquipmentBTrain/AA","Platform2","Wagon"
"Germany_EquipmentBTrain/AA","Platform2","Wagon"
"Germany_EquipmentBTrain/AA","Platform2","Wagon"
"Germany_EquipmentBTrain/AA","Platform2","Wagon"
"Germany_EquipmentBTrain/AA","Platform2","Wagon"
"Germany_EquipmentBTrain/AA","Platform4","Wagon"
"Germany_EquipmentCTrain/AA","LocomotiveVerm","Wagon"
"Germany_EquipmentCTrain/AA","LocomotiveTrailorVerm","Wagon"
"Germany_EquipmentCTrain/AA","Platform4","Wagon"
"Germany_EquipmentCTrain/AA","Platform1","Wagon"
"Germany_EquipmentCTrain/AA","Platform1","Wagon"
"Germany_EquipmentCTrain/AA","Platform1","Wagon"
"Germany_EquipmentCTrain/AA","Platform1","Wagon"
"Germany_EquipmentCTrain/AA","Platform1","Wagon"
"Germany_EquipmentCTrain/AA","Platform1","Wagon"
"Germany_EquipmentCTrain/AA","Platform1","Wagon"
"Germany_EquipmentCTrain/AA","Platform4","Wagon"
"Germany_CivilTrain","LocomotiveVerm","Wagon"
"Germany_CivilTrain","LocomotiveTrailorVerm","Wagon"
"Germany_CivilTrain","Passenger","Wagon"
"Germany_CivilTrain","Passenger","Wagon"
"Germany_CivilTrain","Passenger","Wagon"
"Germany_CivilTrain","Passenger","Wagon"
"Germany_CivilTrain","Passenger","Wagon"
"Germany_CivilTrain","Passenger","Wagon"
"Germany_CivilTrain","Passenger","Wagon"
"Germany_CivilTrain","Passenger","Wagon"
"Germany_CommandStaffTrain/AA","LocomotiveVerm","Wagon"
"Germany_CommandStaffTrain/AA","LocomotiveTrailorVerm","Wagon"
"Germany_CommandStaffTrain/AA","Platform4","Wagon"
"Germany_CommandStaffTrain/AA","Passenger","Wagon"
"Germany_CommandStaffTrain/AA","Passenger","Wagon"
"Germany_CommandStaffTrain/AA","Passenger","Wagon"
"Germany_CommandStaffTrain/AA","Passenger","Wagon"
"Germany_CommandStaffTrain/AA","Platform4","Wagon"
"USSR_FuelTrain/AA","LocomotiveUSSR","Wagon"
"USSR_FuelTrain/AA","LocomotiveTrailorUSSR","Wagon"
"USSR_FuelTrain/AA","Platform4","Wagon"
"USSR_FuelTrain/AA","OilTank","Wagon"
"USSR_FuelTrain/AA","OilTank","Wagon"
"USSR_FuelTrain/AA","OilTank","Wagon"
"USSR_FuelTrain/AA","OilTank","Wagon"
"USSR_FuelTrain/AA","OilTank","Wagon"
"USSR_FuelTrain/AA","OilTank","Wagon"
"USSR_FuelTrain/AA","OilTank","Wagon"
"USSR_FuelTrain/AA","OilTank","Wagon"
"USSR_CargoTrain","LocomotiveUSSR","Wagon"
"USSR_CargoTrain","LocomotiveTrailorUSSR","Wagon"
"USSR_CargoTrain","Cargo2","Wagon"
"USSR_CargoTrain","Cargo2","Wagon"
"USSR_CargoTrain","Cargo2","Wagon"
"USSR_CargoTrain","Cargo2","Wagon"
"USSR_CargoTrain","Cargo2","Wagon"
"USSR_CargoTrain","Cargo2","Wagon"
"USSR_CargoTrain","Cargo2","Wagon"
"USSR_CargoTrain","Cargo2","Wagon"
"USSR_CargoTrain/AA","LocomotiveUSSR","Wagon"
"USSR_CargoTrain/AA","LocomotiveTrailorUSSR","Wagon"
"USSR_CargoTrain/AA","Platform4","Wagon"
"USSR_CargoTrain/AA","Cargo2","Wagon"
"USSR_CargoTrain/AA","Cargo2","Wagon"
"USSR_CargoTrain/AA","Cargo2","Wagon"
"USSR_CargoTrain/AA","Cargo2","Wagon"
"USSR_CargoTrain/AA","Cargo2","Wagon"
"USSR_CargoTrain/AA","Cargo2","Wagon"
"USSR_CargoTrain/AA","Cargo2","Wagon"
"USSR_CargoTrain/AA","Cargo2","Wagon"
"USSR_CargoTrainA","LocomotiveUSSR","Wagon"
"USSR_CargoTrainA","LocomotiveTrailorUSSR","Wagon"
"USSR_CargoTrainA","Cargo","Wagon"
"USSR_CargoTrainA","Cargo","Wagon"
"USSR_CargoTrainA","Cargo","Wagon"
"USSR_CargoTrainA","Cargo","Wagon"
"USSR_CargoTrainA","Cargo","Wagon"
"USSR_CargoTrainA","Cargo","Wagon"
"USSR_CargoTrainA","Cargo","Wagon"
"USSR_CargoTrainA","Cargo","Wagon"
"USSR_CargoTrainA/AA","LocomotiveUSSR","Wagon"
"USSR_CargoTrainA/AA","LocomotiveTrailorUSSR","Wagon"
"USSR_CargoTrainA/AA","Platform4","Wagon"
"USSR_CargoTrainA/AA","Cargo","Wagon"
"USSR_CargoTrainA/AA","Cargo","Wagon"
"USSR_CargoTrainA/AA","Cargo","Wagon"
"USSR_CargoTrainA/AA","Cargo","Wagon"
"USSR_CargoTrainA/AA","Cargo","Wagon"
"USSR_CargoTrainA/AA","Cargo","Wagon"
"USSR_CargoTrainA/AA","Cargo","Wagon"
"USSR_CargoTrainA/AA","Cargo","Wagon"
"USSR_CargoFuelTrain","LocomotiveUSSR","Wagon"
"USSR_CargoFuelTrain","LocomotiveTrailorUSSR","Wagon"
"USSR_CargoFuelTrain","Cargo","Wagon"
"USSR_CargoFuelTrain","Cargo","Wagon"
"USSR_CargoFuelTrain","Cargo","Wagon"
"USSR_CargoFuelTrain","Cargo","Wagon"
"USSR_CargoFuelTrain","OilTank","Wagon"
"USSR_CargoFuelTrain","OilTank","Wagon"
"USSR_CargoFuelTrain","OilTank","Wagon"
"USSR_CargoFuelTrain","OilTank","Wagon"
"USSR_EquipmentATrain/AA","LocomotiveUSSR","Wagon"
"USSR_EquipmentATrain/AA","LocomotiveTrailorUSSR","Wagon"
"USSR_EquipmentATrain/AA","Platform4","Wagon"
"USSR_EquipmentATrain/AA","Platform3","Wagon"
"USSR_EquipmentATrain/AA","Platform3","Wagon"
"USSR_EquipmentATrain/AA","Platform3","Wagon"
"USSR_EquipmentATrain/AA","Platform3","Wagon"
"USSR_EquipmentATrain/AA","Platform3","Wagon"
"USSR_EquipmentATrain/AA","Platform3","Wagon"
"USSR_EquipmentATrain/AA","Platform3","Wagon"
"USSR_EquipmentATrain/AA","Platform4","Wagon"
"USSR_EquipmentBTrain/AA","LocomotiveUSSR","Wagon"
"USSR_EquipmentBTrain/AA","LocomotiveTrailorUSSR","Wagon"
"USSR_EquipmentBTrain/AA","Platform4","Wagon"
"USSR_EquipmentBTrain/AA","Platform2","Wagon"
"USSR_EquipmentBTrain/AA","Platform2","Wagon"
"USSR_EquipmentBTrain/AA","Platform2","Wagon"
"USSR_EquipmentBTrain/AA","Platform2","Wagon"
"USSR_EquipmentBTrain/AA","Platform2","Wagon"
"USSR_EquipmentBTrain/AA","Platform2","Wagon"
"USSR_EquipmentBTrain/AA","Platform2","Wagon"
"USSR_EquipmentBTrain/AA","Platform4","Wagon"
"USSR_EquipmentCTrain/AA","LocomotiveUSSR","Wagon"
"USSR_EquipmentCTrain/AA","LocomotiveTrailorUSSR","Wagon"
"USSR_EquipmentCTrain/AA","Platform4","Wagon"
"USSR_EquipmentCTrain/AA","Platform1","Wagon"
"USSR_EquipmentCTrain/AA","Platform1","Wagon"
"USSR_EquipmentCTrain/AA","Platform1","Wagon"
"USSR_EquipmentCTrain/AA","Platform1","Wagon"
"USSR_EquipmentCTrain/AA","Platform1","Wagon"
"USSR_EquipmentCTrain/AA","Platform1","Wagon"
"USSR_EquipmentCTrain/AA","Platform1","Wagon"
"USSR_EquipmentCTrain/AA","Platform4","Wagon"
"USSR_CivilTrain","LocomotiveUSSR","Wagon"
"USSR_CivilTrain","LocomotiveTrailorUSSR","Wagon"
"USSR_CivilTrain","Passenger","Wagon"
"USSR_CivilTrain","Passenger","Wagon"
"USSR_CivilTrain","Passenger","Wagon"
"USSR_CivilTrain","Passenger","Wagon"
"USSR_CivilTrain","Passenger","Wagon"
"USSR_CivilTrain","Passenger","Wagon"
"USSR_CivilTrain","Passenger","Wagon"
"USSR_CivilTrain","Passenger","Wagon"
"USSR_CommandStaffTrain/AA","LocomotiveUSSR","Wagon"
"USSR_CommandStaffTrain/AA","LocomotiveTrailorUSSR","Wagon"
"USSR_CommandStaffTrain/AA","Platform4","Wagon"
"USSR_CommandStaffTrain/AA","Passenger","Wagon"
"USSR_CommandStaffTrain/AA","Passenger","Wagon"
"USSR_CommandStaffTrain/AA","Passenger","Wagon"
"USSR_CommandStaffTrain/AA","Passenger","Wagon"
"USSR_CommandStaffTrain/AA","Platform4","Wagon"
"USSR_MBV2","MBV2","Wagon"
"USSR_MBV2/AA","MBV2","Wagon"
"USSR_MBV2/AA","Platform4","Wagon"